keyword,reason
how to use claude code,filtered
claude code tutorial,filtered
how to use claude code in vs code,filtered
claude code how to use,filtered
how to use claude code in cursor,filtered
claude code vs code integration,filtered
how to use claude code in terminal,filtered
how to use claude code in vscode,filtered
how to use claude code cli,filtered
how to use claude code effectively,filtered
how to use claude code with cursor,filtered
claude code vs code extension how to use,filtered
how to use claude in vs code,filtered
claude ai vs code integration,filtered
how to use claude code with vs code,filtered
how to install claude code in vs code,filtered
how to use claude code agents,filtered
claude code how to,filtered
claude code how to install,filtered
how to add claude to vs code,filtered
anthropic claude code how to use,filtered
how to use claude code for free,filtered
how to use claude code on windows,filtered
how to use claude code skills,filtered
claude code how to update,filtered
how to learn claude code,filtered
claude code integration with vs code,filtered
claude code integration vs code,filtered
what is claude code and how to use it,filtered
anthropic claude code tutorial,filtered
how to open claude code in vs code,filtered
claude code tutorial for beginners,filtered
claude code how to change model,filtered
how to add claude code to vs code,filtered
how to claude code,filtered
how to use claude code terminal,filtered
claude vs code integration,filtered
how to use claude ai in vs code,filtered
how to use claude ai extension in vs code,filtered
how to use claude code plugins,filtered
how to resume claude code session,filtered
how to use claude code plan mode,filtered
claude ai integration with vs code,filtered
claude code ide integration vs code,filtered
how to use claude code?,filtered
how to use claude code anthropic,filtered
claude code vs code extension integration,filtered
how to use claude code for beginners,filtered
how to use claude code with vscode,filtered
how to use claude code on mac,filtered
how to use claude code in visual studio code,filtered
how to use claude code in intellij,filtered
how to run claude code in vs code,filtered
claude code how to start,filtered
claude code how to use agents,filtered
anthropic claude vs code integration,filtered
how to use claude code in visual studio,filtered
claude code tutorial anthropic,filtered
how to use claude code to build an app,filtered
how to use claude code with api key,filtered
anthropic claude code vs code integration,filtered
how to use claude code vscode,filtered
best claude code tutorial,filtered
how to use claude code interpreter,filtered
claude code how to switch models,filtered
claude code how to get started,filtered
how to use claude code tutorial,filtered
how to use claude code in pycharm,filtered
how to use claude code vs code extension,filtered
how to use claude code subagents,filtered
claude code how to access,filtered
how to use claude code efficiently,filtered
how to use claude code in cursor ide,filtered
claude code how to use skills,filtered
how to use claude code with github,filtered
claude code cli vs code integration,filtered
how to use claude code ide,filtered
claude code how to check usage,filtered
how to install claude code vs code extension,filtered
claude code vs code extension how to install,filtered
claude code ide integration vs code jetbrains,filtered
how to use claude code from terminal,filtered
how to use claude code in ide,filtered
how to resume a claude code session,filtered
anthropic claude code how to install,filtered
claude ai integration vs code,filtered
claude code how to resume session,filtered
claude code how to add mcp,filtered
claude code how to add mcp server,filtered
how to use claude code extension in vscode,filtered
claude code how to use plan mode,filtered
how to use claude code with figma,filtered
how to use claude code in the terminal,filtered
claude code how to choose model,filtered
how to resume claude code,filtered
claude code how to use it,filtered
how to use claude code in claude desktop,filtered
how to use claude code in xcode,filtered
claude code vs code integration tutorial,filtered
how to setup claude code in vs code,filtered
how to use claude code commands,filtered
claude code tutorial video,filtered
how to use claude code in zed,filtered
how to use claude code with cursor ide,filtered
how to use claude code step by step,filtered
how to use claude code in vs code terminal,filtered
claude code for vs code how to use,filtered
claude code how to use project,filtered
how to use claude code with aws bedrock,filtered
how to use claude code and cursor together,filtered
how to use claude code in github,filtered
how to use claude code best practices,filtered
how to install claude code extension in vs code,filtered
claude dev vs code integration,filtered
claude code how to check token usage,filtered
how to use claude code remotely,filtered
claude code how to use api key,filtered
claude code ide integration vs code 2025,filtered
claude code how to use agent,filtered
claude code how to clear context,filtered
claude code how to set up,filtered
how to use claude code agent,filtered
how to use claude code with unity,filtered
claude code how to see token usage,filtered
how to connect claude code to vs code,filtered
how to use claude code free,filtered
claude code ide integration vs code extension,filtered
how to install claude code vs code,filtered
how to use claude code in windows,filtered
does claude code integrate with vscode,filtered
how to use claude code in intellij idea,filtered
claude code how to setup,filtered
claude code how to revert,filtered
claude code how to switch model,filtered
how to use claude code command line,filtered
how to use claude code in visual studio 2022,filtered
claude code vs code integration extension,filtered
tutorial claude code,filtered
claude code how to upgrade,filtered
how to use claude code in cli,filtered
how to use claude code skill,filtered
how to use claude code on phone,filtered
how to use claude code with xcode,filtered
how to use claude vs code extension,filtered
claude code how to exit,filtered
how to use claude code in browser,filtered
claude code vs code integration 2025,filtered
how to use claude code with visual studio 2022,filtered
how to use claude code on vscode,filtered
how to use claude code extension in vs code,filtered
how to use claude code on the web,filtered
claude code how to view chat history,filtered
claude code how to run background agents,filtered
claude code how to install skills,filtered
claude code integration in vs code,filtered
how to use claude code to review pr,filtered
how to use claude code in antigravity,filtered
how to set up claude code in vs code,filtered
how to use claude code vs code,filtered
claude code how to scroll up,filtered
how to use claude code editor,filtered
boris cherny how to use claude code,filtered
claude code tutorial beginner,filtered
how to use claude code security,filtered
claude code tutorial video 2025,filtered
how to use claude in vs code 2025,filtered
how to resume previous claude code session,filtered
how to use claude code with intellij,filtered
cloudflare sandbox claude code tutorial,filtered
how to use claude code vscode extension,filtered
claude code how to revert changes,filtered
how to use claude code for non coders,filtered
claude pro vs code integration,filtered
how to use claude code ai,filtered
how to use claude code in android studio,filtered
how to use claude code windows,filtered
claude integration vs code,filtered
claude code how to newline,filtered
how to use claude code hooks,filtered
how to use claude code from phone,filtered
how to use claude code in jetbrains,filtered
how to use claude code guide,filtered
claude code how to use plugins,filtered
claude code how to select model,filtered
claude code how to add mcp servers,filtered
integrate claude code with vs code,filtered
claude code how to save session,filtered
claude code mcp integration vs code,filtered
claude code vs code extension tutorial,filtered
how to use claude code better,filtered
how to use claude code locally,filtered
claude code how to switch to plan mode,filtered
claude code how to use claude code,filtered
how to use claude code for code review,filtered
continue.dev vs code claude integration,filtered
how to use claude with vs code,filtered
connect claude code to vs code,filtered
how to use claude code on ipad,filtered
claude code how to run,filtered
the complete claude code tutorial,filtered
anthropic how to use claude code,filtered
how to use claude code for vs code,filtered
how to use claude code tasks,filtered
claude code vs code integration features,filtered
how to use claude code api,filtered
how to use claude code in china,filtered
claude code how to add skills,filtered
how to use claude code plugin,filtered
how to use claude code remote control,filtered
claude code how to allow all commands,filtered
how to use claude code with git worktrees,filtered
how to connect claude to vs code,filtered
how to use claude code in cursor terminal,filtered
how to use claude code on web,filtered
how to use claude code mac,filtered
how to install claude code on vs code,filtered
how to use claude code on mobile,filtered
claude code how to use subagents,filtered
claude code vs code integration setup,filtered
claude integration with vs code,filtered
claude code how to paste image,filtered
how to use claude code sdk,filtered
claude code how to login,filtered
learn how to use claude code,filtered
claude code vs code how to use,filtered
how to use claude code with visual studio,filtered
claude code how to use opus,filtered
how to use claude code to build a website,filtered
how to use claude code properly,filtered
how to use claude code in windsurf,filtered
claude code how to enter plan mode,filtered
how to use claude code extension in cursor,filtered
claude code how to add new line,filtered
how to use claude code inside cursor,filtered
how to use claude code with bedrock,filtered
claude code how to set model,filtered
claude code how to plan,filtered
how to use claude code web,filtered
claude code how to enter new line,filtered
claude code how to see usage,filtered
how to use claude in vs code 2026,filtered
anthropic claude code ide integration vs code,filtered
claude code vs code jetbrains integration,filtered
claude code how to use mcp,filtered
how to use claude code remote,filtered
how to use claude code with gemini,filtered
claude code vs code tutorial,filtered
how to install claude in vs code,filtered
how to use claude code planning mode,filtered
connect claude to vs code,filtered
how to use claude code agent teams,filtered
how to use claude code with openrouter,filtered
how to use claude code with pycharm,filtered
how to use claude code for vscode,filtered
how to use claude code for aws iot application,filtered
how to use claude code on cursor,filtered
anthropic claude code cli vs code integration,filtered
how to use claude code on iphone,filtered
claude code how to reference a file,filtered
claude desktop vs code integration,filtered
claude api vs code integration,filtered
how to use claude code in cursor editor,filtered
claude code tutorial 2025,filtered
claude ai integration in vs code,filtered
how to add mcp server to claude code vs code,filtered
claude code how to new line,filtered
how to use claude code for coding,filtered
claude code tutorial getting started,filtered
how to learn how to use claude code,filtered
net ninja claude code tutorial,filtered
how to use claude code on windows 11,filtered
claude code best tutorial,filtered
claude code tutorial how to use,filtered
how to use claude code with copilot,filtered
claude sonnet 4 vs code integration,filtered
claude code how to use 2026,filtered
how to use claude code in cursor ai,filtered
cursor ai vs vs code claude integration 2026,filtered
how to use claude code with ssh,filtered
claude code what is it and how to use it,filtered
how to use claude code anthropic claude code,filtered
how to use claude code in desktop app,filtered
claude code tutorial january 2026,filtered
how to use claude in vs code terminal,filtered
claude code integration with vs code jetbrains,filtered
anthropic claude code tutorial video,filtered
how to use claude code with figma mcp,filtered
claude code how to use in vs code,filtered
claude code how to add to memory,filtered
vs code how to use claude code,filtered
claude code integration vs code jetbrains,filtered
how to use claude code visual studio,filtered
claude code how to attach image,filtered
claude code how to check usage limit,filtered
how to use claude code cli for free,filtered
how to use claude code via api,filtered
how to use claude code in command line,filtered
how to use claude code in rider,filtered
how to use claude code cursor,filtered
claude desktop app vs code integration,filtered
claude code how to create skill,filtered
claude code vs cursor integration,filtered
how to use claude code with max plan,filtered
claude code tutorial december 2025,filtered
how to use claude code cli in vscode,filtered
how to use claude code with pro plan,filtered
claude code how to plan mode,filtered
how to use claude code with lm studio,filtered
claude code how to use skill,filtered
how to use claude code with codex,filtered
claude code how to use a skill,filtered
how to use claude code anthropic tutorial,filtered
claude code how to insert new line,filtered
claude code anthropic vs code integration,filtered
how to use claude code within cursor,filtered
claude code how to use sub agents,filtered
how to use claude code on your phone,filtered
how to use claude code with an api key,filtered
claude code how to review changes,filtered
how to use claude code from command line,filtered
the complete claude code tutorial eyad khrais,filtered
how to use claude code online,filtered
anthropic claude code vs code how to use,filtered
how to use anthropic claude in vs code,filtered
claude code how to interrupt,filtered
how to use claude code with jira,filtered
how to use claude code at work,filtered
anthropic claude code how to update,filtered
does claude code integrate with vs code,filtered
how to use claude code and cursor,filtered
claude code vs code extension or integration,filtered
boris cherny on how to use claude code,filtered
how to integrate claude with vs code,filtered
claude code how to install mcp,filtered
claude code vs code extension or integration 2026,filtered
claude ai vs code integration tutorial,filtered
claude code how to save conversation,filtered
claude code how to create skills,filtered
claude code how to use in cursor,filtered
how does claude code integrate with github,filtered
how to use claude code features,filtered
how to use claude code with other models,filtered
how to use claude code frontend plugin,filtered
claude code how to use guide,filtered
how to use claude code extension,filtered
how to use claude code on existing project,filtered
how to use claude code for free?,filtered
cloudflare sandbox sdk claude code tutorial,filtered
ralph wiggum claude code tutorial,filtered
claude code how to enable thinking,filtered
claude code how to view usage,filtered
how to use claude code tips,filtered
claude code how to set api key,filtered
claude code vs code extension cursor integration,filtered
how to use claude code with godot,filtered
claude ai in vs code integration,filtered
how to use vs code with claude,filtered
claude code how to pause,filtered
using claude code tutorial,filtered
claude dev vs code integration tutorial,filtered
how to use claude code securely,filtered
claude code how to use terminal,filtered
how to use claude code cowork,filtered
how to use claude code on terminal,filtered
how to use claude code on android,filtered
best tutorial for claude code,filtered
how to use claude code to make money,filtered
how to use claude code without subscription,filtered
claude code vs code extension integration 2026,filtered
how to use claude code teams,filtered
claude code how to invoke skills,filtered
claude code vs code extension or ide integration,filtered
how to use claude code with amazon bedrock,filtered
claude code how to change models,filtered
connect claude ai to vs code,filtered
claude code tutorial workflow experience past day,filtered
how to use claude code opus,filtered
how to use claude code on macos,filtered
claude code how to update claude.md,filtered
how to use claude code mode,filtered
claude code anthropic claude code tutorial,filtered
how to use claude code for research,filtered
how to use claude code in vscode terminal,filtered
how to use claude code team,filtered
how to use claude code to create an app,filtered
how to use claude code in vs code for free,filtered
how to activate claude code in vs code,filtered
claude code how to scroll,filtered
claude code how to add skill,filtered
claude code how to auto accept all,filtered
claude code how to turn on thinking,filtered
claude code vs code integration how it works,filtered
anthropic claude code tutorial youtube,filtered
claude code how to get api key,filtered
how to use claude code with obsidian,filtered
claude vs code extension how to use,filtered
how to use claude code in mac terminal,filtered
claude code vs code integration or extension,filtered
how to use claude code as a product manager,filtered
how to use claude code correctly,filtered
how to resume a session in claude code,filtered
continue.dev vs code extension claude integration,filtered
how to use claude code in zed editor,filtered
claude code how to resume previous session,filtered
claude code how to undo changes,filtered
claude opus 4.6 vs code integration,filtered
claude code how to save context,filtered
claude code how to remove mcp,filtered
claude code how to use opus 4.6,filtered
claude opus 4.5 vs code integration,filtered
how to use claude code ?,filtered
claude code how to add image,filtered
how to use claude code on vs code,filtered
does claude code connect to github,filtered
how to update claude code vs code extension,filtered
claude code how to use opus 4.5,filtered
continue vs code claude integration,filtered
how to use claude code as a beginner,filtered
how to use claude code with mcp,filtered
reddit best claude code tutorial,filtered
claude code how to start a new session,filtered
integrate claude ai into vs code,filtered
how to use claude code and figma,filtered
claude opus 4 vs code integration,filtered
claude ai vs code integration 2026,filtered
claude code ide integration vs code plugin,filtered
how to use claude code as an mcp server,filtered
integrate claude with vs code,filtered
integrate claude ai in vs code,filtered
how to use claude code anthropic 2026,filtered
claude code free tutorial,filtered
claude code anthropic what is it how to use,filtered
claude code tutorial for product managers,filtered
claude code vs code extension git integration,filtered
claude code how to reduce token usage,filtered
how to use claude code from cursor,filtered
how to use claude code plan,filtered
claude code tutorial beginners,filtered
how to use claude code on my phone,filtered
how to use claude code simplifier,filtered
claude code vs code integration guide,filtered
how to connect vs code to claude,filtered
anthropic claude code tutorial for beginners,filtered
claude code how to rollback,filtered
how to use claude code with glm,filtered
claude code vs integration,filtered
how to use claude code with mcp servers,filtered
how to use claude code on ubuntu,filtered
claude code how to queue messages,filtered
claude 3.7 vs code integration,filtered
how to use claude vs code,filtered
how to use claude code intellij,filtered
claude ai vs code extension integration,filtered
claude code how to exit plan mode,filtered
how to use claude code with github copilot,filtered
how to use claude code pro,filtered
claude code how to delete session,filtered
claude code how to see history,filtered
claude code how to start a new conversation,filtered
claude code how to use tutorial,filtered
how to use claude code in visual studio 2026,filtered
how to use claude code desktop app,filtered
how to use claude extension in vs code,filtered
integrate claude code into vs code,filtered
how to use claude coder in vs code,filtered
claude code how to use effectively,filtered
claude code vs code mcp integration,filtered
how to use claude code with jupyter notebook,filtered
how to use claude pro in vs code,filtered
claude code how to turn on plan mode,filtered
how to start claude code in vs code,filtered
how to use claude code for data science,filtered
how to use claude code in excel,filtered
how to use claude code 4.6,filtered
does claude code integrate with cursor,filtered
claude code /ide command vs code integration,filtered
how to use claude code as a non technical person,filtered
how to use claude code desktop,filtered
how to use claude code for ui design,filtered
integrate claude into vs code,filtered
claude api integration vs code,filtered
claude code how to check remaining tokens,filtered
how to install claude for vs code,filtered
claude sonnet vs code integration,filtered
anthropic claude code how to use in vs code,filtered
how to use claude code as a designer,filtered
how to use claude code by anthropic,filtered
how to use claude code in openclaw,filtered
claude code how to view history,filtered
in claude code how to change model,filtered
how to use claude code in phpstorm,filtered
how to use claude code for marketing,filtered
claude cli vs code integration,filtered
claude code how to use an agent,filtered
how to use claude code worktrees,filtered
how to use claude code for seo,filtered
claude code how to stop,filtered
claude code how to check limits,filtered
how to run claude in vs code,filtered
claude code tutorial best practices,filtered
how to use claude code with n8n,filtered
how to use claude code in warp,filtered
how to use claude code memory,filtered
how to use claude code with git,filtered
claude code tutorial for developers,filtered
claude code how to create subagent,filtered
how to use claude code in mac,filtered
how to use claude code well,filtered
claude code how to use multiple agents,filtered
how to use claude code with anthropic api key,filtered
boris how to use claude code,filtered
how to use claude code best,filtered
claude code how to use claude code cli,filtered
claude code how to change directory,filtered
how to use claude code in vs code 2026,filtered
how to use claude code like a pro,filtered
claude code how to enable agent teams,filtered
how to use claude code in linux,filtered
claude 4 vs code integration,filtered
claude code how to manage context,filtered
how to use claude code for content marketing,filtered
how to use claude code in unity,filtered
how to use claude code with android studio,filtered
anthropic claude vs code extension how to use,filtered
how to use claude code interpreter anthropic,filtered
claude code for vs code extension how to use,filtered
claude code how to change to plan mode,filtered
claude code anthropic how to use claude code cli,filtered
how to use claude code with opus 4.5,filtered
how to use claude code in claude desktop app,filtered
how to use claude code and codex together,filtered
how to use claude code in vsc,filtered
how to run claude code in vs code terminal,filtered
claude code tutorial course,filtered
how to use claude code unlimited,filtered
how to use claude code with team plan,filtered
claude code vs code extension how to open,filtered
claude desktop mcp vs code integration,filtered
how to use claude ai with vs code,filtered
how to use claude code with openclaw,filtered
claude code how to reference files,filtered
how to use claude code with roblox studio,filtered
claude code how to edit previous message,filtered
claude code integrate with vs code,filtered
anthropic claude code tutorial course,filtered
claude code interpreter what is it and how to use,filtered
how to use claude code mcp,filtered
connect vs code to claude,filtered
how to use claude code in vs code windows,filtered
claude code how to undo,filtered
claude code how to use claude code anthropic,filtered
how to use claude code terminal commands,filtered
how to use claude code in windows terminal,filtered
claude code how to create agent,filtered
claude code how to create a skill,filtered
claude code vs code extension how to open panel,filtered
how to use claude code most effectively,filtered
claude code how to go back,filtered
claude 3.5 sonnet vs code integration,filtered
claude code how to see thinking,filtered
claude code how to uninstall,filtered
anthropic claude code editor integration vs code,filtered
best claude integration for vs code 2026,filtered
github copilot claude integration vs code 2026,filtered
claude code what is it how to use,filtered
how to use claude code on mobile phone,filtered
claude code how to know which model is used,filtered
how to integrate claude code with vs code,filtered
how to use claude code in terminal windows,filtered
claude code how to configure mcp,filtered
claude ai vs code extension how to use,filtered
how to use claude in vs code anthropic docs,filtered
claude code how to create subagents,filtered
how to install claude code in vs code 2026,filtered
how to use claude code in jupyter notebook,filtered
how to use claude code on ios,filtered
anthropic claude integration with vs code,filtered
claude code how to use claude.md,filtered
how to use claude code from my phone,filtered
how to use claude code in cursor editor 2026,filtered
anthropic claude code how to use install,filtered
how to use claude code for free unlimited,filtered
how to use claude code cli anthropic,filtered
claude code how to get access,filtered
claude code how to start a new chat,filtered
how to use claude code swarm,filtered
claude code how to use install,filtered
how to use claude code agent team,filtered
how to use claude code with gemini api,filtered
how to use claude code feature,filtered
how to use claude api in vs code,filtered
claude code how to continue previous session,filtered
claude code vs code integration docs,filtered
how to add mcp server to claude for vs code,filtered
how to integrate claude ai into vs code,filtered
how to use claude code from your phone,filtered
claude code how to see background tasks,filtered
how to use claude code in terminal mac,filtered
claude code tutorial deutsch,filtered
claude code how to go to next line,filtered
does claude code integrate with visual studio,filtered
claude code vs code integration how to use,filtered
how to use claude code in vs code extension,filtered
claude code how to invoke an agent,filtered
how to use claude code to make roblox gamws,filtered
how to enable claude code in vs code,filtered
claude code how to disable auto compact,filtered
how to login claude code in vs code,filtered
how to use claude code in the browser,filtered
how to use claude code like cursor,filtered
how to use claude code with ide,filtered
claude code how to change mode,filtered
how to use claude code for non coding tasks,filtered
how to use claude code superpowers,filtered
anthropic claude api vs code integration,filtered
how to use claude code in cursor?,filtered
how to use claude code on linux,filtered
how to use claude code for writing,filtered
claude code how to install plugins,filtered
claude code how to downgrade,filtered
how to use claude code with ollama,filtered
how to use claude on vs code,filtered
claude code how to switch to opus,filtered
how to use claude code with github repository,filtered
claude code how to use plugin,filtered
how to use claude code for software development,filtered
how to use claude code in replit,filtered
how to use claude code with zed,filtered
how to install claude code for vs code,filtered
claude sonnet 4.5 vs code integration,filtered
cursor claude code how to use,filtered
claude code tutorial workflow experience,filtered
how to use claude code with jetbrains,filtered
claude code how to save chat,filtered
how to use claude code worktree,filtered
claude code how to logout,filtered
how to use claude code with vertex ai,filtered
youtube claude code tutorial,filtered
claude code ide integration vs code docs,filtered
claude code how to view historical chat records,filtered
anthropic claude code integration vs code,filtered
claude code how to show thinking,filtered
how to use claude code with claude pro,filtered
how to use claude code in,filtered
how to use claude code with antigravity,filtered
how to use claude code as a software engineer,filtered
reddit how to use claude code,filtered
claude code how to accept edits,filtered
claude code vs cursor integration 2026,filtered
claude code how to continue previous conversation,filtered
how to use claude code templates,filtered
how to use claude code on desktop,filtered
claude code how to open,filtered
claude code how to add context,filtered
integrate claude ai with vs code,filtered
how to open claude in vs code,filtered
how to use claude code cli tool,filtered
how to use claude code from mobile,filtered
claude code anthropic how to use claude code,filtered
how to learn to use claude code,filtered
how to resume session in claude code,filtered
claude code how to start new session,filtered
how to use claude code with local llm,filtered
how to use claude code for aws development,filtered
how to use claude code to create a website,filtered
how to use claude code in chrome,filtered
claude code editor integration vs code,filtered
how to use claude code to code,filtered
claude code how to reference file,filtered
how to use claude code on a mac,filtered
claude code 101 the complete claude code tutorial,filtered
how to use claude code for frontend development,filtered
claude code how to continue after limit,filtered
how to use claude code with multiple agents,filtered
claude code how to run multiple agents,filtered
claude code how to get session id,filtered
best claude integration vs code 2026,filtered
anthropic claude code how to access,filtered
how to use claude code opus 4.6,filtered
how to use claude code with skills,filtered
claude code how to setup mcp,filtered
claude code vs code terminal integration,filtered
claude code how to delete conversation,filtered
claude code how to get,filtered
how to use claude code as a personal assistant,filtered
claude code how to log out,filtered
how to use claude code with visual studio code,filtered
claude code how to view history chat records,filtered
how to install claude on vs code,filtered
how to use claude code with chrome,filtered
claude code vs code integration terminal,filtered
claude code how to set default model,filtered
how to integrate claude ai with vs code,filtered
how to use claude code in powershell,filtered
claude code vs code integration documentation,filtered
claude code how to reset context,filtered
how to use claude code frontend design plugin,filtered
claude code how to use vs code extension,filtered
how to use claude code safely,filtered
how to use claude skills in vs code,filtered
how to use claude code subagent,filtered
how to install claude ai extension in vs code,filtered
how to use claude in vs code official docs,filtered
claude code cli integrate with vs code,filtered
how to use claude code in rstudio,filtered
claude code how to auto accept,filtered
learn claude code tutorial,filtered
how to use claude code beginner,filtered
claude code docs vs code integration,filtered
how to use claude code in web,filtered
claude code tutorial github,filtered
claude code how to switch account,filtered
claude code vs code extension ide integration,filtered
claude code how to resume,filtered
claude code tutorial 2026,filtered
how to use claude code for programming,filtered
claude code how to run subagents,filtered
how to set up claude in vs code,filtered
claude for vs code extension how to use,filtered
how to use claude code chrome extension,filtered
how to use claude code with openrouter api,filtered
how to use claude code browser,filtered
claude code cli vs ide integration,filtered
how to use claude code mobile,filtered
how to use claude code for data analysis,filtered
how to install claude code vs code extension 2026,filtered
how to use claude code for development,filtered
claude code tutorial blog,filtered
claude code cli tutorial video,filtered
claude ai vs code integration 2025,filtered
anthropic claude integration vs code,filtered
anthropic claude code how to use claude code,filtered
claude code how to check how many tokens left,filtered
how to use claude code on remote server,filtered
how to use claude code in databricks,filtered
claude code how to install plugin,filtered
claude code how to call agent,filtered
how to use claude code for android development,filtered
claude mcp vs code integration,filtered
claude code how to upload image,filtered
claude code extension vs code how to use,filtered
claude code vs code integration windows,filtered
how to use claude code conductor,filtered
how to pronounce claude code,filtered
anthropic claude code what is it how to use,filtered
how to get claude in vs code,filtered
how to use claude code as a non coder,filtered
claude code documentation vs code integration,filtered
claude code how to see past conversations,filtered
claude code how to use cli,filtered
how to add claude ai to vs code,filtered
how to install claude code extension vs code,filtered
claude code how to enable plan mode,filtered
how to use claude opus in vs code,filtered
claude code how to use in terminal,filtered
claude code how to download,filtered
how to use claude code max,filtered
claude code how to run agent,filtered
how to use claude in vs code extension,filtered
how to use claude code multi agent,filtered
how to use claude code with opus 4.6,filtered
how to use claude code router,filtered
how to use claude code to vibe code,filtered
claude integration in vs code,filtered
claude code how to update plugins,filtered
claude code how to add rules,filtered
how to use claude code for free in vscode,filtered
claude code how to create agents,filtered
how to setup claude in vs code,filtered
how to use claude code github,filtered
claude code vs code cursor integration,filtered
claude code how to launch,filtered
claude code how to attach file,filtered
how to use claude code opus 4.5,filtered
how to use claude code as an agent,filtered
claude code tutorial for non developers,filtered
claude code how to use anthropic claude code,filtered
how to use claude code in vs studio,filtered
claude code how to do new line,filtered
claude code how to learn,filtered
claude code how to use agent teams,filtered
claude dev vs code extension tutorial,filtered
how to use claude code for vibe coding,filtered
claude code terminal vs ide integration,filtered
how to mention a file in claude code,filtered
how to use claude code with api,filtered
continue.dev claude integration vs code,filtered
claude code vs code integration 2026,filtered
claude code vs code extension github integration,filtered
how to use claude opus 4.6 in vs code,filtered
claude code how to install and use,filtered
anthropic claude code how to use terminal,filtered
how to install claude code into vs code,filtered
how to use claude cli in vs code,filtered
claude code how to prompt,filtered
how to use claude code in plan mode,filtered
how to use claude code to figma,filtered
how to use claude code more efficiently,filtered
claude dev vs code extension how to use,filtered
claude code how to change account,filtered
claude code tutorial guide,filtered
cursor ai vs code fork claude integration,filtered
how to use claude code in google antigravity,filtered
claude code tutorial examples,filtered
claude code how to start new conversation,filtered
how to use claude code in hong kong,filtered
claude ai vs code extension integration 2026,filtered
claude code how to open terminal,filtered
how to use claude code in vs code with api key,filtered
claude code how to use anthropic,filtered
claude code how to paste screenshot,filtered
how to use claude code in figma,filtered
how to use claude code with voice,filtered
how to use claude code in slack,filtered
claude code how to use tutorial 2026,filtered
claude code how to use free,filtered
how to use claude code in mobile,filtered
how to use claude code with tmux,filtered
how to use claude code in ollama,filtered
claude 3.7 sonnet vs code integration,filtered
claude code integration vs code cursor,filtered
how to use claude code with databricks,filtered
claude code ide integration vs code cursor,filtered
how to use claude code with worktrees,filtered
claude code tutorial pdf,filtered
install claude code how to install claude code,filtered
how to use claude code as a pm,filtered
github copilot claude integration vs code,filtered
how to integrate claude ai in vs code,filtered
claude code how to start new chat,filtered
figma mcp claude code tutorial,filtered
how to use claude code in webstorm,filtered
how to use claude code sub agents,filtered
how to use claude code in vs,filtered
claude code vs code integration anthropic,filtered
how to use claude code 2026,filtered
claude code how to check current model,filtered
how to use claude code for pr review,filtered
how to install claude ai in vs code,filtered
claude code how to check model,filtered
how to use claude code api key,filtered
how to use claude code to make an app,filtered
how to use claude code with windsurf,filtered
